日期,武汉市
2020/1/16,45
2020/1/17,62
2020/1/18,121
2020/1/19,198
2020/1/20,270
2020/1/21,375
2020/1/22,444
2020/1/23,495
2020/1/24,572
2020/1/25,618
2020/1/26,698
2020/1/27,1590
2020/1/28,1905
2020/1/29,2261
2020/1/30,2639
2020/1/31,3215
2020/2/1,4109
2020/2/2,5142
2020/2/3,6384
2020/2/4,8351
2020/2/5,10117
2020/2/6,11618
2020/2/7,11618
2020/2/8,13603
2020/2/9,14982
2020/2/10,16902
2020/2/11,18454
2020/2/12,19558
2020/2/13,32994
2020/2/14,35991
2020/2/15,37914
2020/2/16,39462
2020/2/17,41152
2020/2/18,42752
2020/2/19,44412
2020/2/20,45027
2020/2/21,45346
2020/2/22,45660
2020/2/23,46201
2020/2/24,46607
2020/2/25,47071
2020/2/26,47441
2020/2/27,47824
2020/2/28,48137
2020/2/29,48557
2020/3/1,49122
2020/3/2,49315
2020/3/3,49426
2020/3/4,49540
2020/3/5,49671
2020/3/6,49797
2020/3/7,49871
2020/3/8,49912
2020/3/9,49948
2020/3/10,49965
2020/3/11,49978
2020/3/12,49986
2020/3/13,49991
2020/3/14,49995
2020/3/15,49999
2020/3/16,50003
2020/3/17,50004
2020/3/18,50005
2020/3/19,50005
